glac_name,lat,lng
1,61.84303,-149.48416550000002
10,62.7254645,-151.542192
100,62.927451500000004,-150.7947165
1000,63.093233,-150.569552
1001,63.093039,-150.545448
1002,61.2328995,-143.213524
1003,63.166361,-150.220832
1004,63.159992,-150.235879
1005,61.0477765,-142.850777
1006,63.144083,-150.185519
1007,63.122358,-150.12767
1008,61.040222,-142.8871835
101,62.604706,-151.517002
1010,61.035205,-142.89095250000003
1011,59.327579,-136.212569
1012,59.150813,-136.531275
1013,59.148777,-136.535247
1015,58.947608,-136.696736
1017,59.015957,-137.17285
1019,59.002109,-137.046581
102,62.591314,-151.530817
1031,58.869997,-136.956582
1033,58.86662,-136.947214
104,62.58789,-151.722597
1040,58.790769,-136.688137
1041,58.792226,-136.688684
1043,58.798991,-136.702055
1049,58.599017,-136.730529
105,62.592418,-151.692809
1050,58.603529,-136.728646
1053,58.586661,-136.693744
1055,58.5869,-136.695394
1057,58.513811,-136.634926
1058,58.512545,-136.633474
1059,58.51714,-136.626874
106,61.289258,-145.925409
1061,58.527072,-136.586701
1062,58.528548,-136.587524
1063,58.529648,-136.582878
1064,58.524622,-136.581088
1067,58.538097,-136.633718
1068,58.538215,-136.635632
1069,58.537729,-136.630883
107,61.285719,-145.929075
1070,58.536622,-136.630104
1071,58.534974,-136.630709
1073,58.577755,-136.543608
1074,58.577126,-136.531635
1075,58.577117,-136.529929
108,61.830351,-150.06573350000002
1080,58.453716,-137.024121
1087,58.916741,-136.390113
109,61.646266,-147.254693
11,62.719066,-151.5442845
110,62.135636000000005,-149.3772025
1105,59.354877,-137.939158
1107,59.242866,-138.042808
1108,59.240571,-138.044172
1109,59.24638,-138.04709
111,61.590622,-147.048273
1111,59.272109,-138.062625
1112,59.264775,-138.083418
1115,59.245158,-138.298648
112,62.0783775,-149.16913599999998
1122,58.8879,-137.445924
113,61.568455,-146.935599
1131,58.833036,-137.380877
1133,58.720898,-137.60307
1135,58.726433,-137.602112
1137,58.733798,-137.621135
1138,58.734538,-137.627306
1139,58.735755,-137.627775
114,62.182167500000006,-149.1712165
1140,58.731628,-137.640601
1143,58.75292,-137.645064
1144,58.749103,-137.644655
1145,58.747961,-137.643516
1146,58.768914,-137.676476
1147,58.768678,-137.679212
1148,58.781092,-137.69077
115,62.367094333333334,-149.90373866666667
1150,58.772002,-137.688778
1151,58.775204,-137.691869
1152,58.777245,-137.722609
1153,58.780183,-137.715193
1154,58.785811,-137.70109
1158,58.770551,-136.696355
116,62.625909,-151.485536
1161,58.75899,-136.711573
1163,58.770084,-136.733305
1165,58.765696,-136.727321
117,62.726872,-151.402759
1171,58.842806,-136.774654
1172,58.843862,-136.771077
118,62.72232,-151.408444
119,62.661628,-151.42278
12,62.723921000000004,-151.62523499999998
120,62.751755,-151.356532
1200,59.147671,-135.562847
1203,59.265632,-137.649443
1208,58.625531,-136.668617
1224,58.791624,-137.230008
1225,58.789961,-137.234114
1226,58.793319,-137.233712
123,62.677554,-151.516038
1230,58.974564,-137.316061
1236,59.15577,-135.707675
124,62.684559,-151.4314
1243,59.12772,-136.675818
1244,59.122981,-136.674033
1246,59.147854,-136.62502
125,62.629782,-151.430889
126,62.641532,-151.466041
1263,58.651185,-136.732831
127,62.638332,-151.442951
1273,58.808408,-137.626681
128,62.5970345,-151.538247
13,62.415746,-152.8345
130,62.623893,-151.528547
131,62.631775,-151.527251
134,62.523521,-152.07848
136,62.525694,-152.04338
137,62.569253,-151.848098
138,62.517914,-152.051068
14,62.33359333333334,-150.41292433333334
143,62.6462175,-151.7000605
145,62.473238,-152.120361
146,62.776665,-151.353936
147,62.762074,-151.37314
148,62.507959,-152.1442
15,62.708279000000005,-151.70671900000002
152,62.637086,-151.418425
153,62.5750275,-151.91584849999998
154,62.648505,-151.551556
155,62.50243,-152.299079
156,62.537003,-152.320023
158,62.521668,-152.298736
16,62.913338499999995,-151.35092400000002
162,62.531332,-152.2126015
163,62.85359,-150.789563
164,62.849807,-150.761687
169,62.76351,-150.906102
17,62.4273,-152.572758
171,62.757987,-150.89045
172,62.763389,-150.891327
174,62.730838,-150.92914
175,62.728209,-150.918152
176,62.473042,-152.206992
177,62.745617,-150.953717
18,62.9109905,-151.1961675
181,62.696889,-151.026474
182,62.691485,-151.020826
183,62.853458,-150.774842
184,62.843,-150.657156
186,62.826669,-150.54294
188,62.831523,-150.475867
19,62.8977735,-151.2013745
190,62.858563,-150.465805
191,62.84856,-150.46106
193,62.87126,-150.542107
195,62.905469,-150.804331
196,62.89786,-150.803495
197,62.910743,-150.303553
199,62.839162,-150.548348
2,62.6355545,-152.3617815
20,62.42622,-152.558457
206,62.935151,-150.296053
207,62.905552,-150.494871
208,62.957814,-150.31384
209,62.884728,-150.547777
21,62.42947,-152.551327
210,62.910385,-150.478746
211,63.12762,-150.091396
212,63.1220605,-150.0830995
213,63.320523,-149.703403
214,63.316773,-149.691728
215,63.317372,-149.702025
219,63.320655,-149.810276
22,62.415311,-152.55539
221,63.354088,-149.633649
223,63.349603,-149.645727
225,63.392481,-149.657762
227,63.192533999999995,-149.9193775
228,63.010044,-150.351741
229,63.47749,-149.317317
23,63.189547,-150.906053
230,63.3989435,-149.49958850000002
232,63.46584,-149.275221
233,63.484792,-149.333426
234,63.488218,-149.324197
235,63.4120295,-149.561447
236,63.481748,-149.324358
237,63.479527,-149.3367
238,63.474142,-149.337047
240,63.461308,-149.334829
247,63.230035,-149.831898
249,63.204212,-149.900086
250,63.229682,-149.949385
251,63.201665,-149.945212
252,63.191793000000004,-149.79334899999998
253,62.923706499999994,-151.0233475
254,63.187253,-149.866774
255,63.1022685,-150.1193445
257,63.150866,-149.823364
258,63.202942,-149.776787
259,60.7206005,-143.74047050000001
26,58.5063,-136.487352
260,62.9256055,-150.434397
262,63.25153,-150.148844
263,62.882148,-150.491118
264,62.994157,-150.198808
265,62.992275,-150.184337
268,63.0004435,-150.24628
269,63.01375,-150.268893
27,63.434272,-149.685569
271,62.6660975,-152.1803775
272,62.637453,-151.976393
273,62.6255,-151.968325
274,62.624177,-151.958284
28,60.5329405,-144.45232900000002
281,62.9285305,-150.80476199999998
283,63.092136,-150.041156
285,63.068464,-149.977464
286,63.044906499999996,-150.1359475
287,63.020012,-150.34478
288,63.039153999999996,-150.1260815
289,63.0504575,-150.106497
29,60.895497,-148.616495
290,61.0673495,-143.1186085
294,63.137154,-149.955253
296,63.130979,-149.961476
298,62.95343,-150.572125
299,62.947112,-150.577364
3,62.393849,-152.511729
30,60.68893633333334,-145.79491233333334
300,62.956552,-150.570034
301,63.222979,-150.805897
302,63.22708,-150.790717
304,63.222603,-150.868988
307,63.116517,-151.263805
308,62.978982,-151.705292
309,63.106821,-151.339159
31,62.867626,-151.293807
310,63.1116145,-151.3253405
311,62.775211999999996,-151.99441000000002
312,62.570513,-152.202562
313,62.71903,-150.632868
314,62.71007,-150.647091
316,62.697585,-150.605437
317,62.698913,-150.592283
320,62.9207035,-151.7016755
321,62.666359,-152.289911
324,62.565065,-152.505964
325,62.715823,-150.606238
327,62.682654,-152.225387
329,62.676569,-152.291698
33,62.507755,-152.216954
330,62.862616,-152.087369
331,62.82495,-152.054034
332,62.833891,-152.038466
335,62.579128,-152.484611
336,62.764589,-152.302206
337,62.652,-152.410137
339,62.663271,-152.338404
34,62.505396,-152.218203
340,63.170748,-151.087247
344,62.739634,-152.19411
345,62.668512,-152.38497
346,62.712463,-152.372087
347,62.703275,-152.364575
348,62.718094,-152.26925
35,62.502481,-152.226062
351,62.689761,-152.507132
354,62.7396555,-152.20316050000002
355,62.71931,-152.228269
356,62.729783,-152.314844
357,62.725224,-152.321528
359,62.71716,-152.301559
36,62.497573,-152.218339
361,62.805826,-152.110174
363,62.7965,-152.069827
368,62.824479,-152.173669
37,62.535193,-152.255677
370,62.826545,-152.253452
371,62.832026,-152.219979
372,62.826907,-152.223968
378,62.606398,-152.4646
379,62.727149499999996,-152.334433
380,62.740629999999996,-152.30831949999998
381,62.601201,-152.454874
384,62.624646,-152.383269
385,62.618595,-152.466896
386,62.612592,-152.473524
387,62.607618,-152.435985
389,62.608745,-152.507208
39,63.078776000000005,-150.414411
390,62.602583,-152.488007
391,62.632828,-152.454448
392,62.631069,-152.47167
394,62.618187,-152.509515
397,62.665158,-152.580744
398,62.661997,-152.585285
4,62.478223,-152.586188
40,62.902495,-150.62894
403,62.672113,-152.666786
404,62.668372,-152.650696
405,62.668127,-152.638802
406,62.684872,-152.615652
409,62.929458499999996,-151.8610355
41,62.905671,-150.589147
410,63.137255,-151.275926
411,63.134587,-151.282298
412,62.671901500000004,-152.616605
413,62.913345,-151.8754925
417,63.199115,-151.058558
419,62.873524,-151.707407
42,62.99363,-150.541659
422,62.534031,-152.01359
424,62.559754,-152.049041
426,63.479331,-149.226271
428,63.4550575,-149.360036
43,62.995395,-150.493676
430,63.455964,-149.624852
431,63.457068,-149.632879
432,63.452111,-149.622809
434,63.438847,-149.655938
436,63.390745,-149.693767
437,63.430786499999996,-149.49551
438,63.399961,-149.597844
44,63.296218,-149.907786
440,63.423428,-149.621167
441,63.472505,-149.426099
442,63.3862715,-149.7478875
443,63.412843,-149.593534
444,63.410606,-149.603272
445,63.420625,-149.414741
447,63.195912,-149.9572195
448,63.1955255,-149.95988499999999
449,63.468165,-149.408177
45,63.301791,-149.906828
450,62.902879,-150.735153
451,63.22800049999999,-150.086001
452,63.501892,-149.459326
453,63.49695,-149.472609
454,63.497083,-149.481395
455,63.0700505,-150.31021850000002
457,63.359132,-149.895075
458,63.119401,-151.21911
46,61.496101,-147.948824
461,63.131147,-151.233869
462,63.139891,-151.251434
463,63.139172,-151.265262
464,63.085097000000005,-151.1638805
465,63.144243,-151.230143
468,63.100069500000004,-150.665031
469,62.6848065,-151.7430555
47,63.28997,-150.476217
470,60.8585905,-143.7729175
478,62.551258000000004,-152.069578
479,62.722998,-151.105549
482,62.584787,-152.697484
484,62.57778,-152.73606
485,62.563438,-152.805631
487,62.558809,-152.810871
488,62.50116,-152.713125
493,62.412873,-152.42541
494,62.401579,-152.424703
495,62.577928,-152.65791
496,62.468608,-152.57521200000002
498,62.496771,-152.493503
5,62.5039235,-152.4968445
50,61.021391,-148.704642
500,62.485686,-152.526672
503,62.494633,-152.624337
504,62.485477,-152.623821
505,62.391365,-152.441152
506,62.460371,-152.796878
508,62.496677,-152.50175
51,62.162856000000005,-149.2757245
510,62.361494,-152.57984
511,62.446622,-152.568095
512,62.485757,-152.653722
513,62.365524,-152.393836
514,62.484504,-152.649024
515,62.401043,-152.313002
516,62.450433,-152.707938
517,61.201759,-147.51758500000003
518,62.412041,-152.5448935
520,62.473543,-152.650739
521,62.686169,-152.790127
523,62.4998955,-152.60141299999998
524,62.497249,-152.6021185
525,62.520503,-152.6340745
527,62.52108,-152.5714415
528,62.629599,-152.685218
529,62.621363,-152.688755
53,63.003673,-150.74609900000002
530,62.611025,-152.686279
532,62.598567,-152.697686
533,62.486393,-152.6023505
534,62.485397000000006,-152.60231199999998
535,62.58892,-152.700691
538,62.607988,-152.738594
539,62.600084,-152.731015
54,63.210198,-150.161547
540,62.601547,-152.72207
541,62.595988000000006,-152.747634
542,62.598408500000005,-152.7401485
544,62.585396,-152.797315
545,62.584938,-152.782213
55,63.199911,-150.166106
551,62.565262,-152.860947
552,62.555061,-152.844402
553,62.626456,-152.821564
556,62.587289,-152.963771
559,62.57573,-152.995749
564,62.507154,-152.849655
566,62.504371,-152.873186
567,62.49981,-152.9158955
568,58.540988,-136.876725
57,63.293703,-149.870496
570,62.529929,-152.883378
571,62.492212,-153.048636
575,62.492587,-152.948557
576,62.625874,-152.888609
578,62.614659,-152.864903
58,63.28,-149.910796
581,62.373517,-152.661827
583,62.477402,-152.978132
584,62.473842,-152.991548
586,62.344652,-152.506113
588,62.345674,-152.809229
589,62.353629,-152.774191
590,62.323517,-152.800959
592,62.333574,-152.823341
593,62.321038,-152.813244
595,62.370909,-152.818853
597,62.357916,-152.919705
598,62.358277,-152.955933
6,62.127605,-152.568949
60,62.0553975,-149.2455145
600,62.34822,-152.902362
601,62.346604,-152.894067
603,62.372992,-152.637749
604,62.374503,-152.629919
605,59.236551,-138.041628
607,58.966022,-137.822387
608,60.6664075,-145.2759485
61,62.0278975,-149.27612850000003
610,58.934699,-137.731139
611,60.6860095,-145.3628325
614,60.6648285,-145.094675
615,61.21665833333333,-147.56066
616,60.612091,-145.08471600000001
617,60.5643565,-145.0860645
618,60.5708945,-145.10321449999998
621,62.33392,-152.520377
622,60.452432,-145.10972800000002
623,58.776945,-137.677596
624,62.323678,-152.526865
625,60.6369355,-145.104042
626,62.326384,-152.554395
627,58.966799,-137.644303
628,62.207185,-152.583915
629,62.319813,-152.670781
63,62.523565,-152.201327
630,58.950729,-137.624677
631,58.791311,-137.707223
633,62.321652,-152.4584125
634,62.312547,-152.473572
635,62.296131,-152.456176
636,62.285809,-152.416078
637,62.33249,-152.403302
639,60.5321495,-144.9986825
64,61.883610000000004,-149.0620455
640,62.31797,-152.371075
641,62.31524,-152.386581
642,60.526681499999995,-144.98506099999997
643,62.306423,-152.348815
644,62.298382,-152.28677
646,60.503181999999995,-144.93872149999999
648,60.514570500000005,-144.9292455
649,62.26331,-152.037447
65,62.874242,-151.118459
651,62.312838,-152.226492
652,62.32515,-152.199129
654,62.315949,-152.180717
656,60.4809635,-145.2164315
657,58.684595,-137.406531
658,60.478659,-145.0817515
659,58.684394,-137.453019
66,62.990187500000005,-150.966859
664,58.692309,-137.293595
665,58.612842,-137.328297
666,62.428324,-152.470205
667,62.418162,-152.476809
669,60.472687,-144.86884500000002
67,63.401837,-149.747318
670,60.466413,-144.8441235
672,58.480261,-137.122403
674,58.467882,-137.001606
675,58.481011,-136.993345
677,58.45901,-137.010193
679,62.189862,-152.590136
68,62.24615,-148.9245305
680,62.173302,-152.561269
684,58.526676,-136.581071
686,58.562261,-136.569421
688,58.572441,-136.664818
689,62.152007,-152.568773
69,62.713955,-151.871736
690,60.481893,-144.6177365
691,60.376547,-144.630407
692,58.607222,-136.703494
693,58.641422,-136.600344
698,62.152908,-152.49047
7,62.343353,-152.482178
700,62.156534,-152.452794
701,58.951611,-137.072468
702,60.5371405,-144.6891625
704,62.056628,-152.331213
707,61.47052366666666,-147.10007900000002
708,61.2024225,-144.1190155
709,61.222554,-144.1616445
710,63.084761,-150.398228
711,62.655973,-151.4075405
712,63.197568,-150.299
713,62.683279999999996,-151.3824295
714,62.194174,-152.437318
715,62.655613,-151.390942
716,60.8276745,-143.7432205
717,63.215724,-150.525883
718,62.6940685,-151.6184535
721,58.711966,-137.278353
722,60.712560499999995,-144.26566
723,61.30783233333333,-147.12824733333332
724,58.979823,-137.296097
725,60.867824,-144.103548
726,62.767278,-151.752063
728,62.623995,-152.142898
73,61.209046,-146.652142
731,58.936127,-136.476843
732,60.786474,-144.3099105
733,62.924761,-151.418956
734,62.929204,-151.406038
735,62.89724,-151.54631899999998
736,62.879608,-151.656392
737,62.807763,-150.751161
738,62.759432,-151.61699
739,62.959354000000005,-151.065492
740,63.133129,-150.584082
741,63.129673,-150.584791
742,62.9441705,-151.087216
743,63.125481,-150.577092
744,63.124454,-150.585029
746,62.962419,-150.901303
747,62.903228,-151.1442075
748,63.0065525,-150.70687900000001
749,62.78793,-151.51410399999997
75,61.77075766666667,-148.92121433333332
750,63.06598150000001,-150.784683
751,63.038152499999995,-150.86869000000002
752,63.040591500000005,-150.855407
753,63.0426845,-150.65224899999998
754,62.936829,-151.149297
756,62.88892,-151.070001
758,62.6911395,-151.792815
759,62.861812,-151.522239
760,62.766184,-151.233976
762,62.902287,-151.050177
764,62.636355,-152.092554
765,62.748665,-151.611527
766,62.746686,-151.74558150000001
767,62.924768,-150.987643
768,63.113973,-150.296722
769,62.721739,-151.618014
77,63.44139,-149.576575
772,62.9100915,-151.3255575
773,63.045678,-150.6867815
774,62.985492,-150.6785995
775,62.979980499999996,-150.6920275
776,60.991118,-143.195574
777,58.968637,-135.498033
778,62.973584,-150.64862
779,62.97243,-150.646663
78,63.436283,-149.583811
780,62.961348,-150.610756
781,62.957386,-150.615307
782,62.953568,-150.614742
783,62.974731,-150.607654
784,62.594424,-152.304681
785,62.747026,-152.137714
786,62.64585,-152.316255
787,63.193079,-150.026638
788,63.063648,-150.750985
789,61.0927885,-143.175196
790,63.060766,-150.757948
791,62.980427,-150.82434
792,62.924686,-151.440434
793,62.896833,-151.400554
794,62.884343,-151.399854
795,62.368816,-152.319806
796,62.364472,-152.336488
797,62.39744,-152.729529
798,62.203661,-152.53911
799,62.431762,-152.86237
8,62.202929,-152.543367
80,61.139311,-148.590016
800,62.432665,-152.855935
801,62.428459,-152.579382
802,63.058821,-150.873476
803,61.1275865,-143.4469155
804,61.123467500000004,-143.4378375
805,63.058205,-150.974084
806,61.1478745,-143.531455
807,63.054207,-151.010166
808,63.053637,-151.026455
809,63.05328,-150.991071
81,62.694118,-152.155737
810,63.049083,-150.975381
811,61.1701315,-143.6981415
812,63.180536,-150.885993
816,59.148888,-136.521309
817,61.2215815,-143.47017499999998
819,59.149209,-136.533712
822,62.698732,-151.958873
824,59.063851,-136.400811
825,59.070074,-136.390664
827,59.070887,-136.403509
828,63.249007,-150.017799
829,61.152832000000004,-143.2004475
830,61.139421999999996,-143.16960749999998
831,59.03661,-136.297003
834,62.693612,-151.073895
835,61.156223499999996,-143.332017
836,63.248966,-150.190404
837,59.082838,-136.558405
839,62.608782,-151.916312
84,62.567839,-151.404354
841,61.45264666666666,-146.77230566666665
843,61.0791055,-143.795617
844,63.115949,-151.428818
845,58.982432,-136.779272
846,63.075333,-151.352458
847,63.059594,-151.371506
850,63.12405,-151.106932
851,63.099652,-151.095753
852,63.150611,-151.16965
853,59.111013,-136.560898
854,59.108423,-136.57065
855,59.118065,-136.565767
856,63.160934,-151.071564
858,63.031546,-151.47716
861,63.011942,-151.554246
862,63.052581,-151.471493
863,63.071058,-151.4936
864,63.10829,-151.521475
869,63.19942,-151.005785
87,62.366936499999994,-148.656461
871,62.726185,-151.174432
875,63.113115,-151.215952
876,63.112704,-151.217679
877,63.090446,-151.099405
878,63.083462,-151.103881
879,63.079789,-151.101829
880,63.080301,-151.096549
881,63.077932,-151.107075
882,63.006266,-151.503582
883,62.681603,-151.855189
897,63.120127,-150.71911
9,62.554058999999995,-151.6018845
902,62.872577,-151.665775
909,63.360101,-149.872957
91,61.9717925,-149.664907
914,63.132595,-151.145352
915,63.095382,-151.059603
916,63.134204,-151.172164
917,63.150139,-151.00163
918,63.062005,-151.111283
919,63.059476,-151.127214
920,63.054781,-151.133534
921,62.994684,-151.262351
922,62.994599,-151.253087
923,61.0117525,-143.75947050000002
924,61.007284999999996,-143.71913999999998
925,61.003907999999996,-143.7253025
926,62.978236,-151.177821
927,62.952823,-151.094548
928,63.017633,-150.797681
929,63.008722,-150.838818
930,63.049816,-150.913175
931,63.051274,-150.898375
932,61.0367785,-143.64039
933,61.0386565,-143.65035
934,63.020748,-150.889199
935,61.0341535,-143.6397105
936,63.011773000000005,-150.8780435
937,63.009697,-150.882032
938,61.0268885,-143.607552
939,61.033921,-143.64284450000002
94,62.911739,-150.77285799999999
940,62.9959,-150.924742
941,61.056149000000005,-143.6714665
942,61.057186,-143.678475
943,61.051019,-143.6820235
944,61.0502355,-143.6858365
945,63.023508,-150.934963
946,63.019775,-150.970593
947,63.020374,-150.981093
948,63.011526,-150.987667
949,63.00271,-150.969315
950,62.957222,-151.003636
951,62.954793,-151.022643
952,62.664323,-152.0232
954,62.752808,-151.962082
955,60.9278855,-144.2725385
956,60.9266925,-144.2919455
957,62.739384,-152.087155
958,62.709506,-152.090068
959,62.864942,-151.485472
960,62.859624,-151.424123
961,62.854011,-151.375841
962,62.726541,-151.722375
963,62.76972,-151.742423
965,63.137047,-150.845477
966,63.139023,-150.884997
967,63.134776,-150.846714
968,63.135032,-150.841567
969,63.1256,-150.876195
97,62.619077,-151.54814
970,63.124038,-150.881077
971,63.148527,-150.571304
972,63.11046,-150.794866
973,63.092899,-150.803223
974,63.173357,-150.627335
975,63.171987,-150.61762
976,63.205888,-150.655145
977,63.189564,-150.670248
978,63.188843,-150.668446
979,63.187313,-150.671661
98,62.61634,-151.528678
980,61.156858,-143.480702
981,63.190987,-150.626427
982,63.180224,-150.606284
983,63.173551,-150.616224
984,63.173093,-150.788613
985,61.1346045,-143.4840395
986,61.125131499999995,-143.543293
987,61.120152000000004,-143.5546135
988,63.127944,-150.830128
989,63.090623,-150.811131
990,63.091091,-150.813449
991,63.088713,-150.818957
992,63.081703,-150.841631
993,63.080037,-150.85358
994,63.076895,-150.752079
995,62.995087,-150.44448
996,60.980337,-143.4352275
997,61.0303845,-143.510951
998,61.017849999999996,-143.5379815
999,63.096836,-150.572774
Adams Glacier,49.81055885714285,-125.615023
Addison Glacier,59.935899199999994,-149.7895748
Agassiz Glacier,53.74762571428572,-125.55328214285714
Ahern Glacier,48.8455405,-113.78277650000001
Aho Glacier,60.8131275,-152.655331
Aialik Glacier,60.01000342857143,-149.8728604285714
Alexander Glacier,59.879386,-139.409562
Allen Glacier,60.76701787700535,-144.84358594919786
Alsek Glacier,59.300589,-137.822078
Amherst Glacier,61.008116,-147.81550111428572
Anchor Glacier,59.7973805,-150.11354599999999
Anderson Glacier,55.7623413,-137.37156099999999
Andrews Glacier,45.60604714285714,-114.44544385714286
Annin Glacier,61.108358599999995,-146.6887944
Ape Glacier WA,46.202752,-122.174787
Applegate Glacier,60.45600658823529,-148.59447958823532
Arapaho Glacier,40.02464,-105.645211
Arey Glacier,69.250774,-143.868943
Arikaree Glacier,40.049644,-105.64236199999999
Arriva Peak,48.5523595,-120.849628
Art Lewis Glacier,59.9154125,-138.811704
Arts Knoll,48.432163,-121.042693
Atrevida Glacier,59.985951,-139.738583
Avalanche Glacier,46.203211,-121.500384
BALTIMORE,61.316021,-147.798565
Baby Glacier,54.44286044444445,-131.74172344444443
Bacon Glacier,58.663828625,-133.81448425
Bainbridge Glacier,60.12195152380952,-148.46094133333332
Baird Glacier,57.18028835714286,-132.53494542857143
Baker Glacier,61.08319,-148.37273150000001
Baldwin Glacier,58.913611,-136.37989850000002
Baltimore Glacier,61.304889606060605,-147.76814672727275
Banded Glacier,48.538884,-120.948287
Barnard Glacier,61.20739325,-147.117984375
Barrier Glacier,61.288271,-152.295839
Barry Glacier,61.182611572727275,-148.07811504545455
Bartlett Glacier,60.62401735087719,-148.9726516491228
Bastile Glacier,48.8064105,-121.83758
Battle Glacier,58.69611975,-134.588273375
Bear Glacier,60.11637433333333,-149.74470833333334
Bear Lake Glacier,60.17184558333333,-149.255430875
Beare Glacier,60.03440966666667,-141.68670233333333
Beartooth Glacier,45.0638335,-109.56636950000001
Beloit Glacier,60.6395318,-148.68487184999998
Bench Glacier,61.055641,-145.703532
Bend Glacier,44.08711125,-121.695328
Benson Glacier,45.1568275,-117.2946755
Bering Glacier,60.37279457692308,-142.85176407692308
Bertha Glacier,59.196445499999996,-135.793981
Bettles Glacier,60.93783583333334,-148.40754866666666
Billings Glacier,60.88652948,-148.57930624
Bird Glacier,61.01043675,-149.28349225
Black Glacier,59.985922,-139.653868
Black Peak,48.524452499999995,-120.80941849999999
Black Rapids Glacier,63.462205999999995,-146.48929550000003
Black and Tan Glacier,61.6935755,-152.6382475
Blackfoot Glacier,48.59353525,-113.6624215
Blackstone Glacier,60.665692210526316,-148.73098210526317
Blackwell Glacier,48.230087,-115.6855765
Blockade Glacier,61.103061499999995,-152.522853
Blossom Glacier,60.02816766666667,-140.08155266666668
Blue Glacier,47.95484257142857,-122.92568142857144
Bolam Glacier,41.428396,-122.20496133333334
Borealis Glacier,48.5885792,-121.0911252
Boston Glacier,48.5140875,-121.02477400000001
Boulder Glacier,48.8644865,-117.94319475
Boundary Glacier,56.099022,-130.153246
Brady Glacier,58.4962844,-136.6926202
Bravo Glacier,69.264681,-143.820019
Bridge Glacier,58.3715375,-133.61506250000002
Brilliant Glacier,61.13849166666666,-147.41711566666666
Bryn Mawr Glacier,61.24207316071429,-147.82224835714285
Buckner Glacier,48.48591033333333,-120.99515666666667
Bull Lake Glacier,43.11923575,-109.59337125
Burns Glacier,60.721432954545456,-148.72606145454546
Burroughs Glacier,58.99771366666666,-136.31463466666665
Butler Glacier,59.915132,-139.026435
Butterfly Glacier,48.0757206,-121.007251
Byron Glacier,60.740928000000004,-148.852185
CA,37.52855451053159,-119.0573462778335
CO,40.086379948453605,-106.08242003092782
Caldwell Glacier,62.41715966666667,-152.695472
Cameron Glaciers,47.82755125,-123.32650083333334
Cameron Glaciers WA,47.826539499999996,-123.313034
Camicia Glacier,61.1922045,-145.9876585
Camp Kiser,48.8071385,-121.7230635
Cantwell Glacier,63.45509633333333,-149.42544866666665
Canwell Glacier,63.3652435,-145.5132875
Canyon Glacier,59.288649,-138.372634
Cap Glacier,60.950492714285716,-147.90531928571428
Capps Glacier,61.4441485,-152.21050350000002
Carbon Glacier,46.91017466666667,-121.78393
Carl Glacier,62.112907,-141.486983
Carrie Glacier,47.8925345,-123.6323005
Carrie Glacier WA,47.90206633333333,-123.642893
Carroll Glacier,59.1740944,-136.70830719999998
Carter Glaciers,48.8837575,-114.03679875
Carver Glacier,44.1265625,-121.7682025
Carver Glacier OR,44.119377,-121.765693
Cascade Glacier,61.025250127659575,-147.7234240638298
Cascade Peak,48.464534,-121.0770335
Cascading Glacier,59.811554,-139.084874
Casement Glacier,59.100167,-135.90781666666666
Casey Glacier,56.029888,-130.194635
Castle Rock Glacier,45.092592249999996,-109.65817925
Castner Glacier,63.495331,-145.4982455
Cataract Glacier,61.028141833333336,-148.42231616666666
Ch'atanalch'elt Li'a,61.3241055,-152.12669
Challenger Glacier,48.8457605,-121.3522955
Chamberlain Glacier,59.376501,-138.653193
Chamberlin Glacier,69.294582,-144.943863
Chaney Glacier,48.8525495,-113.829317
Charpentier Glacier,58.6707635,-136.62133699999998
Chedotlothna Glacier,62.877070333333336,-151.876869
Chenega Glacier,60.303928285714285,-148.46398478571427
Chernof Glacier,59.876424083333326,-150.4566345
Cheshnina Glacier,61.929949,-144.083382
Chetaslina Glacier,62.00911,-144.061764
Chichokna Glacier,62.011828,-144.228284
Chickaloon Glacier,62.093719,-148.40148
Chickamin Glacier,52.2370885,-125.65318124999999
Chigmit North Glacier,60.290936,-153.421898
Chigmuit South Glacier,60.226079,-153.485519
Chikuminuk Glacier,60.139466,-159.265778
Childs Glacier,60.680955512,-144.87201612799998
Chilkat Glacier,59.770642,-135.56155
Chisana Glacier,62.019105,-142.228426
Chistochina Glacier,63.235598,-144.660771
Chitina Glacier,61.30657,-140.997349
Chitistone Glacier,61.494977,-142.063528
Chocolate Glacier,48.1164755,-121.09636499999999
Clara Smith Glacier,56.274805,-130.49491899999998
Claremont Glacier,60.50634544444444,-148.72122222222222
Clark Glacier,47.866208,-124.05850883333333
Clear Glacier,61.05945,-149.158541
Cleave Creek Glacier,61.13295881818181,-145.19930777272728
Coal Glacier,60.208476,-141.237981
Coalman Glacier,45.372704,-121.70011199999999
Coe Glacier,45.3919935,-121.6959435
Colchuck Glacier,47.482189000000005,-120.839309
Coleman Glacier,48.7899935,-121.872626
Coleman Pinnacle,48.8257585,-121.73249799999999
College Glacier,63.262508,-145.356073
Collier Glacier,44.16575533333333,-121.78677233333333
Colonial Glacier,48.6636615,-121.13592550000001
Colony Glacier,61.15960653846154,-148.38504538461538
Columbia Glacier,61.22160361694915,-146.7225601039548
Columbia Peak,47.960535,-121.3581595
Company Glacier,48.248360500000004,-120.86455725
Concordia Glacier,60.70269847058824,-148.73935441176468
Cone Glacier,56.234356,-159.33941
Conness Glacier,37.9689825,-119.3200085
Connie Glacier,43.2680295,-109.6942355
Conrad Glacier,46.4936765,-121.40867275
Contact Glacier,60.75611435483871,-148.2911546451613
Continental Glacier,43.337478000000004,-109.6945355
Cool Glacier,48.107952000000004,-121.10591866666668
Copper Glacier,61.997541,-143.63054
Corbin Glacier,61.106790000000004,-145.9840385
Cordova Glacier,60.85348616107383,-145.65371324161075
Cotterell Glacier,60.61592494117647,-148.62114320588236
Cowlitz Glacier,46.819773,-121.705725
Coxe Glacier,61.15540509090909,-148.02857818181818
Crab Glacier,56.240198,-159.292218
Crater Glacier,56.270254666666666,-142.23188133333335
Crescent Glacier,58.7678144,-143.89801534999998
Crook Glacier,44.080884,-121.69787600000001
Cross Creek Glacier,62.055689,-142.670653
Crow Glacier,61.05230433333333,-149.1426713333333
Crystal Glacier,48.8327795,-121.598981
Dadina Glacier,62.049034,-144.200113
Daisy Glacier,60.166749,-141.287469
Dana Glacier,48.3242985,-121.05486175
Daniels Glacier WA,47.567023500000005,-121.1771595
Dark Glacier,48.2626705,-120.89481275
Dartmouth Glacier,61.167404363636365,-147.609325
Darwin Glacier,37.170564,-118.6785635
Davenport Glacier,48.492539,-121.02893
David Glacier,47.9661955,-120.9892245
Davidson Glacier,59.116428000000006,-135.547271
Dawes Glacier,57.4750205,-132.43251600000002
Deadman Glacier,60.65260375,-149.007013875
Deming Glacier,48.760068000000004,-121.83871099999999
Denver Glacier,59.390437125,-135.14111975
Deserted Glacier,60.942702,-145.629451
Desolation Glacier,58.774369,-137.543164
Detached Glacier,61.077706666666664,-148.38770933333333
Dickinson Glacier,59.203390999999996,-135.922525
Diller Glacier,44.14542933333333,-121.77425799999999
Dinglestadt Glacier,59.75168216666666,-150.450894
Dinwoody Glacier,43.171984333333334,-109.64498400000001
Dinwoody Glaciers,43.210776,-109.65676133333334
Diptop,47.5873765,-121.17700199999999
Dirt Glacier,58.830451,-136.035835
Dirty Glacier,60.94883855172414,-148.4208372413793
Dixon Glacier,55.376654800000004,-136.0955202
Dogshead Glacier,61.372879,-152.022902
Dome Glacier,48.30452966666667,-121.031521
Doroshin Glacier,59.450412769230766,-151.07012923076923
Double Glacier,60.4740992,-152.74685140000003
Douglas Glacier,48.5335086,-120.9416506
Downer Glacier,61.27379874074074,-147.61642818518519
Downs Glacier,43.293566,-109.661517
Drop Glacier,62.250705,-144.090713
Dryer Glacier,46.1883355,-122.19267500000001
DuNoir Glacier WY,43.796429,-109.869499
Dusty Glacier,48.12087866666667,-121.111088
Eagle Glacier,59.84886875,-141.8207358125
Eaglek Glacier,60.937257,-147.8023145
East Alapah Glacier,68.151229,-150.799689
East Daniels,47.559422,-121.167946
East Nooksack Glacier,48.828993833333335,-121.56328733333334
East Nunatak Glacier,59.7731476,-138.7210286
East Twin Glacier,58.676534571428576,-133.84744042857145
East White River,48.053181,-121.085507
East Yakutat Glacier,59.58220633333334,-138.81147433333334
Easton Glacier,48.7430765,-121.83994050000001
Echo Glacier,58.743547375,-134.3831615
Edmunds Glacier,46.87179,-121.81485033333333
Eel Glacier,47.7262662,-123.3390762
Eklutna Glacier,61.237853,-148.9608665
Eldorado Glacier,48.525966,-121.142779
Eliot Glacier,45.3871225,-121.6723645
Ellsworth Glacier,60.17424146226415,-148.90811988679246
Emmons Glacier,46.86535475,-121.71562325
Entiat Glacier,48.141887600000004,-120.794696
Ermine Glacier,48.125402,-121.1132375
Esetuk Glacier,69.301574,-144.323184
Eugene Glacier,44.109371,-121.7790115
Eureka Glacier,63.389562999999995,-146.38159
Ewe Glacier,61.059139,-141.256766
Excelsior Glacier,60.09774573333333,-148.71432465
Exit Glacier,60.18028958333334,-149.71014166666666
Explorer Glacier,60.77242571428571,-148.9187217142857
Fair Glacier,40.0623065,-105.65700050000001
Fairchild Glacier,47.90546666666666,-123.62822833333333
Fairweather Glacier,58.908855,-137.518561
Falling Glacier,60.46906602173913,-148.52637171739133
Falling Ice Glacier,43.833254499999995,-110.7692365
Fan Glacier,60.78679257142857,-143.7619882857143
Fassett Glacier,59.352503,-138.531524
Fels Glacier,63.380216000000004,-145.5387385
Ferebee Glacier,59.517526000000004,-135.619479
Ferguson Glacier,56.003667,-130.230861
Ferris Glacier,59.134996,-137.285041
Fickett Glacier,60.547429105263156,-145.0198112631579
Field Glacier,59.03493255555556,-134.58095522222223
Finger Glacier,58.202499,-139.913669
First Branch Columbia Glacier,61.192780083950616,-147.21869970617286
Fisher Glacier,60.334885,-138.971512
Fishhawk Glacier,44.2605105,-109.8660625
Fissure Glacier MT,47.311539,-113.882711
Fleischmann Glacier,62.35812833333333,-152.84123666666667
Flett Glacier,46.90542271428571,-121.81133392857143
Flood Glacier,57.1432085,-131.9549305
Flute Glacier,61.153456500000004,-149.285315
Fog Glacier,56.237201,-159.422914
Foraker Glacier,63.07224166666666,-151.430338
Forbidden Glacier,48.51834333333333,-121.062678
Forbidden Peak S.,48.509051,-121.0604525
Forsyth Glacier WA,46.207013,-122.175116
Foss Glacier WA,47.567649,-121.21061850000001
Fourpeaked Glacier,58.85718,-153.5272215
Fourth Glacier,59.6439315,-139.1100015
Frederika Glacier,61.833194,-142.343811
Fremont Glacier,48.53685566666667,-120.95741966666667
Fremont Glaciers,43.145121,-109.6216645
Fryingpan Glacier,46.852125,-121.67956854545454
Gakona Glacier,63.2930245,-145.1396805
Galiano Glacier,59.992028,-139.704649
Gannett Glacier,54.060324200000004,-132.8468596
Garrison Glacier,59.158786,-135.7051475
Geikie Glacier,58.556124999999994,-136.61204800000002
Gem Glacier,48.7465215,-113.728147
Gerstle Glacier,63.521290500000006,-145.30380350000001
Giffin Glacier,61.634809,-141.527051
Gilkey Glacier,58.876520760000005,-134.3989188
Gillam Glacier,63.688421,-147.01203900000002
Gilman Glacier,58.8321425,-137.09765549999997
Girdled Glacier,58.956781500000005,-135.715009
Glisan Glacier,45.391518,-121.71736
Godwin Glacier,60.17194528571429,-149.18710731428573
Goethe Glacier,37.209944,-118.71156333333333
Goode Glacier,48.487073,-120.90429833333333
Goodwin Glacier,60.609300109890114,-144.9915840989011
Gooseneck Glacier,51.902333666666664,-121.03228633333333
Gotchen Glacier,46.16448466666666,-121.47631666666666
Gracey Creek Glacier,56.216638,-130.545398
Grand Pacific Glacier,59.209834,-137.196424
Grand Plateau Glacier,59.05794708333334,-137.87720516666667
Granite Glacier,45.16751333333334,-109.80577266666667
Grant Glacier,48.276540749999995,-117.32469549999999
Grasshopper Glacier,44.291175333333335,-109.7881971111111
Grasshopper Glacier MT,45.544664499999996,-109.954895
Gray Glacier,56.022119,-130.15586
Gray Wolf Glacier,47.2912025,-113.870536
Great Glacier,56.92316266666666,-131.94557866666665
Greenpoint Glacier,56.007902,-130.232898
Grewingk Glacier,59.56263249999999,-150.9393743
Grinnell Glacier,59.00600507142857,-140.36838864285713
Grotto Glacier,60.071782,-141.52076699999998
Guerin Glacier,61.543122,-141.052168
Gulkana Glacier,63.29328966666666,-145.39320333333333
Guyot Glacier,60.2138605,-141.5600065
Hadley Glacier,48.82199533333333,-121.83205116666666
Haenke Glacier,60.125896,-139.651654
Hallo Glacier,58.474113,-154.309206
Hanging Glacier,51.175937,-126.595798
Happy Bunny Butte,48.837264,-121.715364
Harpoon Glacier,59.66181,-154.723175
Harriman Glacier,60.943810582089554,-148.52678335820897
Harris Glacier,57.9699102,-142.7284559
Harrison Glacier,48.5862678,-113.7295582
Harrower Glacier,43.10233333333334,-109.58859866666667
Harvard Glacier,61.35133977953488,-147.56793717302324
Hawkins Glacier,61.372074,-141.738826
Hayden,59.9840655,-140.035844
Hayden Glacier,44.149245,-121.77257549999999
Hayes Glacier,62.709408249999996,-149.5182835
Heap Steep Glacier,43.1761895,-109.61667349999999
Heiden Glacier,61.023679,-145.652795
Helen Glacier,43.157256000000004,-109.61811625
Henderson Glacier CO,40.031601,-105.64337599999999
Hendrickson Glacier,59.812886,-139.459047
Heney Glacier,60.89833647580645,-144.92222450806452
Henry Glacier,59.858319,-139.481007
Herbert Glacier,58.56859822222222,-134.57495444444444
Herbst Glacier,48.987679,-114.04938849999999
Herron Glacier,63.02997266666667,-151.55841466666666
Hidden Glacier,54.24789483333333,-127.86329316666667
Hinman Glacier,47.5751834,-121.22877960000001
Hogback Glacier,61.108399,-145.946776
Hoh Glacier,47.80156266666666,-123.68011733333333
Hole-In-The-Wall Glacier,61.612067,-142.213989
Hole-in-the-Wall Glacier,58.787993,-134.113721
Holgate Glacier,59.906809599999995,-149.9309205
Holyoke Glacier,61.17239828571429,-147.96142314285711
Honeycomb Glacier,48.07005475,-121.078159
Hook Glacier,58.4708,-154.387191
Hooker Glacier WY,42.857948,-109.309875
Hoonah Glacier,58.835719,-137.01627000000002
Hopper Glacier,45.082350999999996,-109.61303
Hotlum Glacier,41.42420766666667,-122.18438933333334
Hubbard Glacier,60.09088125,-139.33908424999998
Hubert Glacier,47.785955,-123.70058366666667
Hubley Glacier,69.279522,-143.730683
Hudson Glacier,48.9632505,-114.047033
Hugh Miller Glacier,58.7887015,-136.745954
Humes Glacier,47.790777,-123.64453366666667
Hummel Glacier,56.026403,-130.250473
Hunter Creek Glacier,61.333475,-148.6916415
ID,44.069767863013695,-115.03317193150684
Ice Cliff Glacier,47.475888499999996,-120.8962375
Ice River Glacier,47.82494066666667,-123.66763300000001
Ice Worm Glacier,47.5601675,-121.1609725
Icicle Glacier,61.2073525,-149.09963950000002
Indian Glacier,60.1198125,-150.2359965
Ingraham Glacier,46.82319566666666,-121.69361099999999
Inspiration Glacier,48.5325915,-121.11283925000001
Inter Glacier,46.877480999999996,-121.72574033333335
Ipasha Glacier,48.8423995,-113.8143895
Irene Glacier,59.567139,-135.411246
Irving Glacier,44.138507000000004,-121.7801215
Isabelle Glacier,40.0638835,-105.6425775
Isella Glacier,48.23218833333333,-120.86719633333333
Island Glacier,56.236204,-159.401195
J Glacier,43.2381345,-109.70005
Jacksina Glacier,62.037366,-143.528773
Jackson Glacier,48.599837,-113.70774399999999
Jarvis Glacier,59.50753366666667,-136.61954333333333
Jeffers Glacier,47.778428999999996,-123.674224
Jefferson Park Glacier,44.682382000000004,-121.80460149999999
Jerry Glacier,48.74155199999999,-120.91309100000001
John Glacier,58.8609385,-137.1603395
Johns Hopkins Glacier,58.8083587,-137.26475655
Johnson Glacier,60.660484315789475,-144.8635356491228
Kachemak Glacier,59.71061816666667,-150.55671266666667
Kadachan Glacier,58.893784499999995,-137.1059415
Kanikula Glacier,62.78784433333333,-151.120595
Kashoto Glacier,58.846201,-137.0031955
Katsuk Glacier,48.582264,-120.895984
Kautz Glacier,46.8321776,-121.76664980000001
Kennedy Glacier,48.130406,-121.13687999999999
Kennicott Glacier,61.7439,-143.175461
Keystone Glacier,61.13569433333333,-145.98737633333334
Killey Glacier,60.152766875,-150.12967237499998
Kimtah Glacier,48.590066,-120.911302
Kings Glacier,60.432198719999995,-148.59085240000002
Kintla Glacier,48.930676000000005,-114.19931433333333
Klawasi Glacier,62.096925,-144.68729
Klawatti Glacier,48.5612815,-121.093034
Klickitat Glacier,46.192269333333336,-121.47495066666666
Klickitat Glacier WA,46.196579,-121.480987
Klooch Glacier,58.610682,-137.2868975
Klutina Glacier,61.38377125,-146.2331105
Klutlan Glacier,61.434452,-140.652517
Kluvesna Glacier,61.88842,-143.772839
Knife Point Glacier,43.117763999999994,-109.5793405
Knik Glacier,61.315487250000004,-148.02101925
Konamoxt Glacier,59.297934999999995,-137.6470645
Koniag Glacier,57.391966,-153.27201
Konwakiton Glacier,41.399100000000004,-122.195774
Kulavok Glacier,69.202905,-144.850882
Kuskulana Glacier,61.805854,-143.538826
Kyes Peak,47.9673855,-121.3400715
La Perouse Glacier,58.549478666666666,-137.23486016666666
LaGorce Glacier,60.733364400000006,-144.4541453
Ladd Glacier,45.3915626,-121.705467
Lafayette Glacier,61.02362670212766,-147.77049685106383
Lake George Glacier,61.0548488,-148.64260125
Lakina Glacier,61.656813,-143.307627
Lamplugh Glacier,58.8838928,-136.927971
Langdon Glacier,60.413070870967736,-148.63561745161292
Langille Glacier,45.389475000000004,-121.68672
Lare Glacier,60.066859,-141.783626
Lateral Glacier,60.059917,-153.00127750000001
Latouche Glacier,59.861632,-139.595517
Laughton Glacier,59.520184875,-135.105348625
Lava Glacier,46.23543325,-121.4972375
Lawrence Glacier,60.66185588235294,-148.608254
Le Blondeau Glacier,59.266628999999995,-136.222195
LeConte Glacier,50.70662509090909,-124.07418427272728
Leaking Glacier,58.4422045,-134.41001
Learnard Glacier,60.81268228571429,-148.71675814285715
Lechner Glacier,59.93990433333334,-149.622674
Leeper Glacier,60.277519000000005,-142.287796
Leffingwell Glacier,69.303577,-144.232814
Lemah,47.491231,-121.30023249999999
Lemon Creek Glacier,58.39727755555556,-134.336972
Lewis Glacier,46.302060250000004,-121.2810735
Liberty Gap Glacier,46.86483966666666,-121.774919
Lillian Glacier WA,47.851572000000004,-123.381988
Lilliput Glacier,36.572201,-118.5541195
Lime Glacier,61.891127,-142.136777
Linn Glacier,44.173283,-121.777004
Linn Glacier OR,44.175458000000006,-121.773439
Little Jarvis Glacier,59.3965345,-136.41148700000002
Lituya Glacier,58.765138,-137.435593
Llewellyn Glacier,59.01734546666667,-134.1387166
Logan Glacier,55.60365228571429,-129.267819
Long Glacier,61.87363,-144.08457
Loomis Glacier,58.92581,-136.4155895
Lost Creek Glacier,44.1074005,-121.78203500000001
Lowell Glacier,60.38167022727273,-149.45726727272725
Lower Curtis Glacier,48.822248,-121.618437
Lower Fremont Glacier,43.1301694,-109.59722200000002
Lucia Glacier,60.105338,-139.920539
Lupfer Glacier,48.476862999999994,-113.513874
Lyall Glacier,48.488413666666666,-120.74674499999999
Lyell Glacier,37.743406,-119.2645035
Lyman Glacier,47.20042075,-121.1868375
Lynch Gap,47.575882,-121.192951
Lynch Glacier,47.570149,-121.1877585
MT,47.22351180510204,-112.15890737244898
Maclaren Glacier,63.3904945,-146.544151
Maclure Glacier,37.7467635,-119.2817345
Mammoth Glacier,43.172773666666664,-109.67417999999999
Marcus Baker Glacier,61.46821228571429,-147.78311814285715
Margerie Glacier,59.0223721,-137.11878510000003
Marquette Glacier,60.642382909090905,-148.6354491818182
Marshall Glacier,61.04505163636364,-145.52560954545456
Martin Glacier,59.2813125,-138.489368
Martin River Glacier,60.55843492893401,-143.87136556649747
Marvine/Hayden Glacier,59.998843666666666,-140.06096666666667
Mary Green Glacier,48.238122000000004,-120.8579455
Matanuska Glacier,61.5013237804878,-147.48840309756096
Matthes Glaciers CA,37.227577555555555,-118.74859555555557
Maynard Glacier,58.700378,-136.6300775
Mazama Glacier,47.93396883333333,-121.684706
McAllister Glacier,48.55569666666667,-121.11232366666667
McArthur Glacier,61.117093499999996,-152.4471565
McBride Glacier,59.10440766666667,-136.105945
McCall Glacier,49.36238075,-124.24542000000001
McCallum Glacier,63.3002565,-145.61488400000002
McCarthy Creek Glacier,61.630644,-142.81322
McCarty Glacier,59.8238115,-148.83483175
McCune Glacier,60.855639391304344,-144.84073369565218
McDonald Glacier,47.3905235,-113.9159625
McGinnis Glacier,63.550315999999995,-146.182728
McPherson Glacier,60.55011312068965,-144.5879605
Meade,59.29197045454546,-134.90297409090908
Meade Glacier,53.76763871428572,-129.12601692857143
Meares Glacier,61.173768122905024,-147.45439803910614
Melbern Glacier,59.16671281818182,-137.33628754545455
Mendenhall Glacier,58.51605884615385,-134.53697630769233
Mesahchie Glacier,48.5851685,-120.8746275
Metal Creek Glacier,61.638835,-148.31404750000002
Miche Wabun Glacier,48.946093,-113.8323415
Middle Cascade Glacier,48.418601,-121.05561366666666
Middle Fork Glacier,61.850396,-142.155396
Middle Fork Lobe Bremner Glacier,60.890522,-143.470668
Middle Palisade Glacier,37.070849499999994,-118.46012400000001
Middle Teton Glacier,43.73072833333333,-110.80112633333333
Miles Glacier,60.64161597161936,-144.19097989649416
Milk Creek Glacier,44.6741825,-121.801216
Milk Creek Glacier OR,44.675153,-121.7997
Milk Glacier,61.05016675,-149.070661
Milk Lake Glacier,48.14903433333333,-121.15022333333333
Miller Glacier,60.119779,-139.620864
Mills Glacier,40.25566575,-105.61171775
Mineral Creek Glacier,61.281175,-146.30889033333332
Minor Glacier,43.18644233333333,-109.66017566666666
Mint Glacier,61.879099499999995,-149.0569395
Mixup Peak,48.450652500000004,-121.04765499999999
Moomaw Glacier,40.2101974,-105.6681832
Moraine/Apron Glacier,60.047261,-141.575104
Morse Glacier,58.98400133333333,-136.37954833333333
Moser Glacier,59.561418,-138.994689
Mother Goose Glacier,60.3504407,-149.187438
Mount Fiske Glacier,37.139447000000004,-118.667464
Mount Warlow Glacier CA,37.132554,-118.6777
Mount Watson East,48.6550955,-121.56067
Mountaineer Glacier,47.341624499999995,-113.87821650000001
Mud Creek Glacier,41.388628,-122.19300799999999
Muir Glacier,59.219879666666664,-136.46169366666666
Muir Snowfield,46.83237233333333,-121.73562333333332
Muth Glacier,61.11216925,-147.6621245
Nabesna Glacier,62.193069,-142.879406
Nadina Glacier,62.133987,-144.657124
Natazhat Glacier,61.533275,-140.996246
Navajo Glacier,40.0551085,-105.6475145
Neacola Glacier,60.8676775,-153.3455115
Nelchina Glacier,61.544687333333336,-147.01885466666667
Nellie Juan Glacier,60.45016602857143,-148.44507277142856
Nelson Glacier,56.508301,-132.013072
Nelson Glacier WA,46.202923,-122.171526
Nenana Glacier,63.5677675,-147.536365
Netland Glacier,59.405174666666674,-137.86561933333334
Neve Glacier,48.64586475,-121.139783
New Morning Peak,48.578665,-120.8465735
Newton Clark Glacier,45.3696535,-121.684618
Nikonda Glacier,62.081868,-142.653061
Nisqually Glacier,46.83669533333333,-121.74985
Nizina Glacier,61.902401,-142.594167
No Name Glacier,48.80794666666666,-121.82008
Nohokomeen Glacier,48.78253466666666,-120.97524566666668
Noisy Creek Glacier,48.6730625,-121.4985345
Noisy Glacier,58.291141,-154.934051
None,60.05927122897068,-145.08352567433354
Norman Clyde Glacier,37.078758,-118.48164575
Norris Glacier,58.494996125,-134.2643050625
North Baird Glacier,57.230168,-132.71203250000002
North Crillon Glacier,58.7332895,-137.2989455
North Dawes Glacier,57.621398,-133.004371
North Fork Lobe Bremner Glacier,60.921721,-143.311648
North Guardian Glacier,48.1232685,-121.09894800000001
North Klawatti Glacier,48.575085333333334,-121.08940833333332
North Mowich Glacier,46.8788972,-121.80686639999999
North Swiftcurrent Glacier,48.7894495,-113.7688565
North Twin Glacier,61.532155,-152.5118165
Northland Glacier,60.67097207142857,-148.75200850000002
Northwestern Glacier,59.90033714285715,-150.05455
Novatak Glacier,59.48626371428571,-138.51499014285713
Nugget Creek Glacier,58.428623625,-134.379042375
Nuka Glacier,59.66666828571429,-150.74574614285714
OR,44.74977313311688,-121.03524530844156
Oasis Glacier,57.257954999999995,-132.5873105
Ogive Glacier,59.38933764285714,-141.3566867142857
Ohanapecosh Glacier,46.83313076923077,-121.66639361538462
Okpilak Glacier,69.125014,-144.03025000000002
Old Sun Glacier,48.8718475,-113.7768215
Orange Glacier,59.979593,-139.131953
Organ Glacier,61.141547,-149.221789
Packwood Glacier,46.5187435,-121.4625715
Palisade Glacier,37.097633,-118.511101
Palmer Glacier,45.357317333333334,-121.70250800000001
Pangnik Glacier,69.184577,-144.877856
Paradise Glacier,46.81524714285714,-121.71821085714285
Park Glacier,48.781109,-121.78051350000001
Patterson Glacier,56.978550999999996,-132.58538637499998
Patton Glacier,58.903875,-136.3004895
Peck Glacier,40.065486,-105.66489100000001
Pedersen Glacier,59.920857625,-149.857467625
Pedro Glacier,61.13793005555556,-147.3379961111111
Pegmatite Glacier,63.264678,-145.3872
Penniman Glaciers,61.0923685,-148.343179
Peters Glacier,63.086982,-151.095179
Petersen Glacier WY,43.77873,-110.846192
Petrof Glacier,59.512747166666664,-150.83774633333334
Phantom Glacier,45.1546165,-109.741874
Piegan Glacier,48.707646,-113.684692
Pigot Glacier,60.904225304347825,-148.48116254347826
Pilz Glacier,48.06695225,-120.98391025
Pinnacle Glacier,46.210316,-121.53285325
Pinnacle Glacier WA,46.759139,-121.73201
Polychrome Glacier,63.44670233333333,-149.83701166666665
Popof Glacier,56.736812,-132.299171
Porcupine Glacier,60.00114925,-149.25725625
Portage Glacier,60.73348047058824,-148.79122011764707
Portlock Glacier,59.631286625,-150.92170475
Pothole Glacier,61.3602445,-152.353837
Powell Glacier,49.326595499999996,-132.92212883333335
Price Glacier,48.847027600000004,-121.5949616
Princeton Glacier,60.37088784848485,-148.42980603030304
Prospect Glacier,60.02656414285714,-149.2480695714286
Prouty Glacier,44.11156125,-121.758565
Ptarmigan Glacier,55.580695090909096,-130.76162200000002
Puget Glacier,60.07016476923077,-148.56073030769232
Pumpelly Glacier,48.585287,-113.654643
Puyallup Glacier,46.849722400000005,-121.82204139999999
Pyramid Glacier,46.821355777777775,-121.79253411111111
Queets Glacier,47.768233,-123.59998466666666
Quest-Alb Glacier,48.17132975,-121.69514425
Quien Sabe Glacier,48.4961455,-121.04304049999999
Rainbow Glacier,51.400231625,-123.29057975
Rainy Glacier,60.6482869,-148.5392781
Ram Glacier,61.098323,-141.313286
Ranney Glacier,61.18627093333334,-147.5721604
Rasmuson Glacier,59.735189,-139.404149
Raven Glacier,61.06232500000001,-149.05811633333334
Red Eagle Glacier,48.594781999999995,-113.621465
Red Glacier,58.671274000000004,-145.42644166666665
Redoubt Glacier,48.95925866666666,-121.27578266666667
Regal Glacier,61.767583,-142.811855
Reid Glacier,53.4439348,-130.7703064
Renfrew Glacier,44.15474566666666,-121.79231399999999
Revelation Glacier,61.702043,-154.178462
Rex Glacier,61.296938,-142.417308
Reynolds Glacier,59.567485,-138.27086
Richardson Glacier,48.05981066666667,-120.97603400000001
Riggs Glacier,59.17282766666667,-136.24100666666666
Riley Creek Glacier,63.5594185,-145.5840805
Ripon Glacier,60.67712685714286,-148.585139
Roaring Glacier,61.00556975,-148.4451095
Robertson Glacier,63.233178,-144.481599
Romer Glacier,58.979774,-136.7556645
Roosevelt Glacier,48.7841035,-121.820278
Root Glacier,61.722809,-142.87854
Rowe Glacier CO,40.48715225,-105.64659275
Rubin Glacier,61.136213999999995,-146.01737450000002
Rusk Glacier,46.204096,-121.463375
Russell Glacier,47.78835222222222,-123.9998018888889
S Glacier,48.43315025,-121.03316674999999
Sacagawea,43.143008,-109.61856133333333
Saddlebag Glacier,60.52296118181818,-145.07303172727273
Sahale Glacier,48.4893895,-121.0411805
Saint Marys Glacier CO,39.835143,-105.645844
Saint Vrain Glaciers,40.155331290322586,-105.65659522580646
Saksaia Glacier,59.3752655,-136.397593
Sandalee Glacier,48.409172857142856,-120.79194214285714
Sandy Glacier,45.3817566,-121.7220564
Sanford Glacier,62.214083,-144.130068
Sarvant Glaciers,46.8571778,-121.6286349
Saussure Glacier,59.666926,-135.358487
Sawyer Glacier,57.92961366666666,-132.899869
Schoolroom Glacier,43.7261805,-110.84843599999999
Schubee Glacier,59.34158522222222,-135.2595402222222
Schwan Glacier,60.88916682683307,-145.11527724336972
Schwanda Glacier,69.252925,-143.760232
Scidmore Glacier,58.792834,-136.7186615
Scimitar Glacier,48.118003,-121.12804775000001
Scott Glacier,60.67845616576087,-145.23916422554348
Sea Otter Glacier,58.930706,-137.6812835
Seefar Glacier,68.560138,-147.291496
Serpent Tongue Glacier,58.377078,-154.587865
Serpentine Glacier,61.136044999999996,-148.26254798461537
Seth Glacier,60.87924385714286,-148.52136028571428
Seward Glacier,60.121567,-140.5784775
Sexton Glacier,48.7026285,-113.63448700000001
Shakes Glacier,56.860892,-132.215248
Shakespeare Glacier,60.7568,-148.7216140625
Sheep Glacier,62.302102,-144.187625
Shepard Glacier,48.863781,-113.8585755
Shephard Glacier,60.69916991304348,-145.38000960869564
Sheridan Glacier,60.60547443386243,-145.2007922962963
Sherman Glacier,60.57221606428571,-145.08580625714285
Sherpa Glacier,47.47467,-120.8900795
Shiels Glacier,60.86945611111111,-144.78084733333333
Shoestring Glacier WA,46.186754,-122.15334
Sholes Glacier,48.8138962,-121.766356
Shoup Glacier,61.286882500000004,-146.416384
Silver Glacier,54.9334095,-133.8191345
Sitkum Glacier,48.1078806,-121.12663219999999
Siyeh Glacier,48.73170233333334,-113.65623733333332
Skee Glacier,59.993371833333335,-149.69682366666666
Skilak Glacier,60.175754833333336,-150.0434285
Skillet Glacier,43.83802,-110.762093
Skinner Glacier,44.115959600000004,-121.77310459999998
Skookum Glacier,60.7093954516129,-148.8666227419355
Sky Top Glacier,45.161574,-109.816649
Slide Glacier,60.53773621621622,-144.2938502972973
Slim Glacier,56.214659,-159.291379
Slope Glacier,60.4680045862069,-143.83632279310345
Smith Glacier,61.27933664705882,-147.78990347058823
Snow Creek Glacier,47.473704999999995,-120.817127
Snowbank Glacier,45.09150133333333,-109.68725733333333
So-Bahli-Alhi Glacier,48.2155925,-121.6765645
Soule Glacier,55.988578,-130.269725
Sourdough Glacier,43.24147766666667,-109.68682366666667
South Cascade Glacier,48.35659833333333,-121.06975533333333
South Crillon Glacier,58.617843,-137.191636
South Glacier,57.622882833333335,-132.71997641666667
South Mowich Glacier,46.8573598,-121.8015978
South Sawyer Glacier,57.920114999999996,-132.5703
South Tahoma Glacier,46.822525000000006,-121.811156
South Twin Glacier,61.490177,-152.522059
Southern Glacier,59.39065766666667,-151.1111685
Speel Glacier,58.3326645,-133.343331
Spencer Glacier,60.623794203125,-148.886254078125
Sperry Glacier,48.6263985,-113.7614375
Spider Glacier,48.315311200000004,-120.9703896
Spire Glacier,48.320511499999995,-121.0814735
Split Glacier,61.04994814285715,-149.60328614285714
Split Thumb Icefall,58.40823266666666,-134.2826042222222
Spoon Glacier,60.02254375,-149.2525205
Spotted Glacier,58.9094235,-153.452303
Sprague Glacier,40.3415322,-105.73291200000001
Spur Glacier,63.445792499999996,-145.119523
Squak Glacier,48.750748,-121.817842
Stanton Glacier,48.3392315,-113.77712550000001
Steller Glacier,60.41885236585366,-143.75747607317072
Stephens Glacier,61.428073000000005,-146.282587
Stevens Glacier,46.814799,-121.70774066666667
Stevens Glacier WA,46.80664,-121.715466
Stoney Glacier,61.9209475,-152.8819765
Stony Glacier,61.6234315,-153.8088125
Straightaway Glacier,63.1349985,-151.29874175
Stroud Glacier,43.147591500000004,-109.67976825
Stuart Glacier,47.48013,-120.898297
Stuart West,47.48204,-120.90795449999999
Success Glacier,46.829209000000006,-121.78079620000001
Suiattle Glacier,48.070861666666666,-121.083086
Sulphide Glacier,48.823116999999996,-121.6151145
Sumdum Glacier,57.805468,-133.423743
Sundance Glacier,45.103768,-109.65173250000001
Sunrise Glacier,56.9624908,-135.6551438
Sunset Glacier,63.34562666666667,-150.16136066666667
Surprise Glacier,61.042903325,-148.48352216875
Susitna Glacier,63.56452,-146.926464
Swan Glaciers,47.7239355,-113.63526375000001
Swan Glaciers MT,47.7258425,-113.6394385
Swift Glacier,46.186811000000006,-122.1856575
Swiftcurrent Glacier,48.767886000000004,-113.746535
Sylvester Glacier,61.50303866666667,-147.11701333333335
Table Mountain,48.851572,-121.705581
Tahoma Glacier,46.83925375,-121.7991995
Takhin Glacier,59.244731333333334,-136.16808366666666
Taku Glacier,58.639401514285716,-134.1986344285714
Talkeetna Glacier,62.1158025,-148.5102
Talum Glaciers,48.7577345,-121.8113645
Talus Glacier,46.20265,-122.210264
Tana Glacier,60.799973,-142.7486235
Tana Lobe Bremner Glacier,60.9157835,-143.260557
Tanaina Glacier,61.0226025,-152.8078815
Tasnuna Glacier,60.99867432258065,-145.48629266666666
Tatina Glacier,62.442367,-152.79142566666667
Taylor Glacier,60.575946673913045,-148.62502217391304
Taylor Glacier CO,40.269959,-105.67806125
Tazlina Glacier,61.388317,-146.70223953846155
Tebenkof Glacier,60.677383857142864,-148.53303842857144
Teepe Glacier,43.7357705,-110.7976155
Terror Glacier,48.763864999999996,-121.2913805
Teton Glacier,43.739532999999994,-110.79096200000001
Texas Glacier,56.10465,-130.172394
Thayer Glacier OR,44.161944,-121.762986
The Dove CO,40.258234,-105.61814933333333
The Knife Creek Glacier,58.27663,-155.047207
The Knife Creek Glaciers,58.289347,-155.0064
The Salamander Glacier,48.758355,-113.739556
The Triplets,48.4644205,-121.0712825
The Turtle,46.82794833333333,-121.75773333333332
Thiel Glacier,58.687090125,-134.66914475000002
Through Glacier,56.002939,-130.326148
Thumb Glacier,55.982449,-130.232131
Thunder Glacier,48.60543375,-121.319049125
Thunderbird Glacier,48.933855,-114.04073149999999
Tiger Glacier,60.1801182962963,-148.4766487037037
Tigertail Glacier,60.236383052631574,-148.41764731578948
Tiny Glacier WY,43.052963,-109.565044
Tired Pup Glacier,61.5040805,-153.91551299999998
TlikakilaGlacierFork,60.8743525,-153.152284
TlikakilaNorthFork,60.8193675,-153.424409
Toboggan Glacier,61.0160984,-148.28105380000002
Tok Glacier,63.143782,-144.18728
Toklat1,63.44243133333333,-149.66313066666666
Toklat3,63.36521533333333,-150.11791666666667
Tokositna Glacier,62.95380375,-150.94087025
Tommy Glacier,60.98969566666666,-147.88141933333333
Tongue Glacier,60.076782,-153.1881335
Tonsina Glacier,61.29523125,-145.8000035
Topeka Glacier,58.933271500000004,-137.139937
Tourquise Glacier,60.814973499999994,-153.6196
Toutle Glacier,46.206104499999995,-122.2038845
Toyatte Glacier,58.925123,-137.1294935
Trail Glacier,60.56059427500001,-148.942403425
Trident Glacier,63.660245,-146.357398
Trimble Glacier,61.603813,-152.13833
Triple Glaciers,43.8401715,-110.78316966666667
Triumvirate Glacier,61.579537,-152.148742
Truuli Glacier,59.951410714285714,-150.4528797142857
Tsaa Glacier,60.1557465,-141.55921949999998
Tsina Glacier,61.27677766666667,-145.87127733333332
Tsirku Glacier,59.374,-136.57759666666666
Tulsequah Glacier,58.85910066666666,-133.9418071111111
Turner Glacier,60.197592,-139.884338
Tustumena Glacier,60.03980614285714,-150.20543999999998
Tuxedni Glacier,60.1537315,-153.0412235
Twaharpies Glacier,61.381001,-141.959322
Tweedsmuir Glacier,59.85852200000001,-138.298474
Twentymile Glacier,60.93907062745098,-148.65540133333332
Twentyseven Mile Glacier,61.1580305,-145.780098
Twin Glacier,58.895649,-136.413859
Twins Glacier,43.15106333333333,-109.65620799999999
Two Ocean Glacier,48.838513666666664,-114.01931133333333
Tyeen Glacier,58.873107000000005,-137.1663695
Tyndall Glacier,46.00363942857143,-115.82443514285714
Ultramarine Glacier,60.3984865625,-148.367726
Umbrella Glacier,60.015321,-153.10132900000002
Unicorn Glacier WA,46.746692,-121.706146
Unnamed_1,61.05216307692308,-148.73850853846153
Unnamed_2,60.97893071111112,-148.68201928888888
Unnamed_23,60.4906796091954,-148.95078624137932
Unnamed_27,60.45178992307692,-148.87227066666668
Unnamed_30,60.52682230434783,-148.75410469565216
Unnamed_33,60.54873492982456,-148.67583162280704
Unnamed_40,60.29836922222223,-148.8537105
Unnamed_41,60.35484293333333,-148.77299902222222
Unnamed_43,60.391796761904764,-148.7054310952381
Upper Curtis Glacier,48.83189,-121.6114665
Upper Fremont Glacier,43.13361333333334,-109.61039566666666
Valdez Glacier,61.350938000000006,-146.21730033333333
Valerie Glacier,60.329156,-139.64762
Van Cleve Glacier,60.699039272,-144.070742552
Van Trump Glacier,46.820121,-121.76165369565217
Variegated Glacier,60.016149,-139.08445
Vassar Glacier,61.220131300000006,-147.87151125
Vern Ritchie Glacier,59.814088,-138.6006133333333
Vesper Glacier,48.0162505,-121.5162995
Villard Glacier,56.2658177,-132.5520248
Vista Glacier,48.136488,-121.1193025
Vulture Glacier,48.8254155,-114.027289
Vulture Glacier MT,48.8294,-114.02249549999999
WA,48.13866595860806,-121.7173145080586
WEDGE,60.96027,-148.399904
WY,43.53019176726585,-109.77933419583728
Waldo Glacier,44.66304575,-121.79731075
Walsh Glacier,61.079939,-140.272722
Washakie Glacier,42.8100545,-109.2467745
Watkins Glacier,41.3986095,-122.1769425
Watson Glacier,60.18898266666667,-142.145254
Watson Glacier WA,48.6570955,-121.575128
Weasel Collar Glacier,48.8975785,-114.063169
Wedge Glacier,60.9602384,-148.3831304
Wellesley Glacier,61.19812485714286,-147.90225965714288
Wernicke Glacier,60.76502918530351,-143.98892285303512
West Alapah Glacier,68.134897,-150.850036
West Fork Glacier,63.12993514285714,-148.30304999999998
West Glacier,62.28102,-143.850117
West Gulkana Glacier,63.296330499999996,-145.536486
West Lynch,47.573800500000004,-121.18875249999999
West Nooksack Glacier,48.843475,-121.5740055
West Nunatak Glacier,59.761134,-138.94493633333332
West Sulphide,48.819155,-121.62416
West Twin Glacier,58.68453711111111,-133.90652722222222
West Yakutat Glacier,59.662687,-138.851954
Westbrook Glacier,61.1241925,-146.68295975
Whatcom Glacier,48.861793500000005,-121.367154
Wheeler NV,38.986606,-114.306429
White Chuck Glacier,48.06488366666667,-121.112711
White Glacier,51.46935833333333,-127.78989733333333
White River Glacier,54.832413384615386,-134.13109007692307
White Salmon  Glacier,46.191609,-121.495556
White Salmon Glacier,47.509403,-121.56282066666667
White Salmon-Avalanche Glacier WA,46.182431,-121.517483
Whitecrow Glacier,48.921536,-113.835892875
Whitecrow Glacier MT,48.923089,-113.83865
Whiteout Glacier,61.171497,-148.83782200000002
Whitewater Glacier,44.681017,-121.79460125
Whitman Glacier,46.845166272727276,-121.69703427272727
Whitney Glacier,41.41274966666666,-122.21202033333333
Whittier Glacier,60.74921475,-148.68016333333333
Willard Glacier,59.188979,-135.86616600000002
Williams Glacier,61.062332052631575,-147.75914942105263
Willison Glacier,59.1095275625,-134.458576375
Williwakas Glacier,46.807411,-121.70867033333333
Wilson Glacier,46.68469477777778,-121.69097411111112
Windy Glacier,68.553905,-147.406288
Winthrop Glacier,46.87618775,-121.7451465
Wintun Glacier,41.40963625,-122.1837045
Wolf Glacier,45.151463,-109.90850833333333
Wolverine Glacier,60.4024062962963,-148.90284366666668
Woodworth Glacier,60.93117033974359,-145.40668986324786
Worthington Glacier,61.166318000000004,-145.7735695
Wortmanns Glacier,60.8924415,-145.69846266666667
Wosnesenski Glacier,59.506852,-150.95693566666668
Wright Glacier,58.482659,-133.51876
Wyeth Glacier,48.500187249999996,-120.94262450000001
Yahtse Glacier,60.2771925,-141.425926
Yale Glacier,61.3045647002997,-147.4020004035964
Yalik Glacier,59.538354777777776,-150.7947661111111
Yanert Glacier,63.604378999999994,-147.61659350000002
Yawning Glacier,48.448965,-121.03479725
Yentna Glacier,62.9301095,-151.44349075
Zigzag Glacier,45.3667665,-121.706193
